{
    "normalization_params": [
        0.037103543492780104,
        0.12904195854439143,
        1713.9461630955104,
        1508.3193783256777,
        186
    ],
    "class_name": "AttentionBiLSTMClassifier",
    "args": {
        "hidden_size": 128,
        "num_layers": 2,
        "dropout_rate": 0.3,
        "embedding_dim": 32,
        "fc_dims": [
            128,
            64
        ],
        "bidirectional": true,
        "attention_dim": 64
    }
}